PLAYER_ID,SEASON_ID,LEAGUE_ID,TEAM_ID,TEAM_ABBREVIATION,PLAYER_AGE,GP,GS,MIN,FGM,FGA,FG_PCT,FG3M,FG3A,FG3_PCT,FTM,FTA,FT_PCT,OREB,DREB,REB,AST,STL,BLK,TOV,PF,PTS
1627826,2018-19,0,1610612747,LAL,22,33,12,516,112,193,0.58,0,0,0,57,66,0.864,54,108,162,25,4,27,33,73,281
1627826,2018-19,0,1610612746,LAC,22,26,25,524,100,186,0.538,0,0,0,44,60,0.733,61,139,200,38,10,24,37,64,244
1627826,2018-19,0,0,TOT,22,59,37,1039,212,379,0.559,0,0,0,101,126,0.802,115,247,362,63,14,51,70,137,525
1627790,2018-19,0,1610612739,CLE,22,59,25,1082,183,331,0.553,0,0,0,93,132,0.705,108,212,320,53,13,22,61,113,459
203469,2018-19,0,1610612766,CHA,26,49,47,1243,190,345,0.551,6,22,0.273,111,141,0.787,110,223,333,102,38,41,62,164,497
1629027,2018-19,0,1610612737,ATL,20,81,81,2503,525,1256,0.418,156,482,0.324,343,414,0.829,64,237,301,653,72,15,308,140,1549
201152,2018-19,0,1610612754,IND,31,81,81,2489,443,841,0.527,51,146,0.349,87,135,0.644,192,331,523,204,123,36,123,194,1024
1626153,2018-19,0,1610612761,TOR,27,49,2,897,127,293,0.433,30,90,0.333,53,61,0.869,39,86,125,110,46,15,37,53,337
1626153,2018-19,0,1610612763,MEM,27,26,11,802,115,265,0.434,20,78,0.256,66,89,0.742,29,112,141,138,42,15,40,50,316
1626153,2018-19,0,0,TOT,27,75,13,1698,242,558,0.434,50,168,0.298,119,150,0.793,68,198,266,248,88,30,77,103,653
1626174,2018-19,0,1610612749,MIL,23,13,0,62,12,25,0.48,3,5,0.6,10,15,0.667,4,16,20,2,0,0,3,3,37
1626174,2018-19,0,1610612740,NOP,23,8,2,189,49,92,0.533,6,21,0.286,31,41,0.756,13,50,63,6,7,10,14,14,135
1626174,2018-19,0,0,TOT,23,21,2,250,61,117,0.521,9,26,0.346,41,56,0.732,17,66,83,8,7,10,17,17,172
1626159,2018-19,0,1610612748,MIA,23,66,52,1960,324,749,0.433,96,256,0.375,86,137,0.628,63,292,355,282,72,19,142,177,830
1628391,2018-19,0,1610612749,MIL,23,48,3,882,104,251,0.414,46,127,0.362,26,47,0.553,45,177,222,52,18,20,32,85,280
1629057,2018-19,0,1610612738,BOS,21,32,2,283,36,51,0.706,0,0,0,9,15,0.6,27,54,81,7,9,40,10,36,81
101107,2018-19,0,1610612766,CHA,33,75,75,2133,275,652,0.422,140,382,0.366,66,86,0.767,76,331,407,92,71,61,47,156,756
101150,2018-19,0,1610612746,LAC,32,75,1,1993,484,1138,0.425,105,291,0.361,425,485,0.876,40,182,222,402,57,11,181,80,1498
1629026,2018-19,0,1610612740,NOP,24,46,29,1079,107,279,0.384,52,156,0.333,13,19,0.684,55,164,219,83,45,19,36,95,279
1629140,2018-19,0,1610612747,LAL,24,24,0,372,65,110,0.591,0,2,0,27,48,0.563,48,51,99,13,8,7,16,62,157
203952,2018-19,0,1610612750,MIN,24,73,73,2543,498,1209,0.412,118,348,0.339,207,296,0.699,83,269,352,184,70,48,138,153,1321
202355,2018-19,0,1610612748,MIA,30,72,53,1674,388,680,0.571,2,16,0.125,109,243,0.449,257,560,817,56,46,136,97,192,887
1628401,2018-19,0,1610612759,SAS,24,67,55,1728,260,543,0.479,48,142,0.338,95,123,0.772,35,212,247,263,67,47,97,145,663
201566,2018-19,0,1610612760,OKC,30,73,73,2629,630,1473,0.428,119,411,0.29,296,451,0.656,109,698,807,784,142,33,325,245,1675
1629139,2018-19,0,1610612763,MEM,24,15,0,174,15,51,0.294,2,16,0.125,7,10,0.7,4,27,31,8,4,1,6,11,39
203933,2018-19,0,1610612756,PHX,25,43,36,1360,297,611,0.486,77,180,0.428,101,124,0.815,31,143,174,64,51,29,52,119,772
202954,2018-19,0,1610612738,BOS,29,36,0,343,50,105,0.476,16,39,0.41,24,28,0.857,3,38,41,56,12,2,19,34,140
1627820,2018-19,0,1610612746,LAC,25,62,0,628,92,217,0.424,4,19,0.211,30,57,0.526,20,81,101,42,21,7,36,83,218
202322,2018-19,0,1610612764,WAS,28,32,32,1104,245,552,0.444,51,169,0.302,122,175,0.697,15,101,116,279,49,29,121,71,663
1629022,2018-19,0,1610612759,SAS,20,17,0,118,16,46,0.348,5,13,0.385,8,10,0.8,0,17,17,9,7,3,4,7,45
202689,2018-19,0,1610612766,CHA,29,82,82,2863,731,1684,0.434,260,731,0.356,380,450,0.844,52,309,361,484,102,34,211,131,2102
203079,2018-19,0,1610612748,MIA,27,44,28,1138,198,478,0.414,109,289,0.377,22,44,0.5,7,109,116,121,29,9,64,72,527
1629021,2018-19,0,1610612747,LAL,22,43,5,446,71,171,0.415,22,77,0.286,43,53,0.811,17,68,85,24,11,13,39,57,207
202696,2018-19,0,1610612753,ORL,28,80,80,2510,701,1354,0.518,84,231,0.364,179,227,0.789,224,736,960,307,81,89,159,157,1665
203943,2018-19,0,1610612752,NYK,23,68,57,1722,207,440,0.47,46,137,0.336,111,156,0.712,113,415,528,129,46,51,88,174,571
1629020,2018-19,0,1610612743,DEN,20,17,0,69,9,19,0.474,0,1,0,6,10,0.6,7,16,23,3,6,1,8,8,24
1627832,2018-19,0,1610612761,TOR,25,64,28,1760,246,600,0.41,112,296,0.378,97,115,0.843,21,146,167,307,57,20,82,110,701
202685,2018-19,0,1610612761,TOR,27,30,10,564,149,259,0.575,9,30,0.3,77,94,0.819,54,162,216,29,13,23,39,82,384
202685,2018-19,0,1610612763,MEM,27,19,17,527,152,279,0.545,5,18,0.278,70,91,0.769,52,151,203,41,6,30,51,64,379
202685,2018-19,0,0,TOT,27,49,27,1091,301,538,0.559,14,48,0.292,147,185,0.795,106,313,419,70,19,53,90,146,763
1626167,2018-19,0,1610612754,IND,23,74,74,2119,380,780,0.487,76,196,0.388,148,201,0.736,101,430,531,115,60,199,100,195,984
202323,2018-19,0,1610612757,POR,30,73,2,1606,204,443,0.46,11,52,0.212,75,106,0.708,37,291,328,283,33,18,114,110,494
200782,2018-19,0,1610612745,HOU,34,82,82,2802,207,523,0.396,146,387,0.377,41,59,0.695,121,358,479,96,132,39,63,252,601
1629019,2018-19,0,1610612752,NYK,23,64,3,1459,232,518,0.448,52,132,0.394,179,223,0.803,31,166,197,119,28,14,116,117,695
1629018,2018-19,0,1610612757,POR,20,15,1,111,16,50,0.32,5,21,0.238,3,7,0.429,1,10,11,5,1,2,4,4,40
1626157,2018-19,0,1610612750,MIN,23,77,77,2545,681,1314,0.518,142,355,0.4,376,450,0.836,263,691,954,259,67,125,240,292,1880
201229,2018-19,0,1610612750,MIN,34,65,0,1079,99,259,0.382,81,215,0.377,47,60,0.783,15,162,177,46,17,21,36,91,326
202684,2018-19,0,1610612739,CLE,28,43,40,1198,201,380,0.529,0,0,0,68,106,0.642,173,265,438,86,28,16,59,89,470
202691,2018-19,0,1610612744,GSW,29,78,78,2652,655,1402,0.467,241,599,0.402,129,158,0.816,37,262,299,186,84,47,115,157,1680
1629017,2018-19,0,1610612765,DET,23,26,0,195,22,69,0.319,10,35,0.286,7,11,0.636,4,16,20,8,7,5,4,22,61
202738,2018-19,0,1610612743,DEN,30,12,0,181,34,99,0.343,12,43,0.279,17,27,0.63,5,8,13,23,5,1,18,17,97
1628464,2018-19,0,1610612738,BOS,27,66,2,908,146,266,0.549,26,67,0.388,56,76,0.737,87,138,225,68,21,42,33,161,374
202066,2018-19,0,1610612763,MEM,33,49,49,1530,166,387,0.429,74,210,0.352,57,76,0.75,18,134,152,69,50,25,54,134,463
202066,2018-19,0,1610612746,LAC,33,26,6,510,42,106,0.396,16,54,0.296,23,31,0.742,10,54,64,37,26,5,16,70,123
202066,2018-19,0,0,TOT,33,75,55,2041,208,493,0.422,90,264,0.341,80,107,0.748,28,188,216,106,76,30,70,204,586
201952,2018-19,0,1610612750,MIN,31,42,41,1264,176,416,0.423,35,105,0.333,123,153,0.804,16,90,106,343,43,18,97,90,510
1628369,2018-19,0,1610612738,BOS,21,79,79,2455,466,1036,0.45,116,311,0.373,195,228,0.855,70,407,477,168,84,57,122,168,1243
1628403,2018-19,0,1610612757,POR,22,18,0,145,14,44,0.318,1,5,0.2,6,7,0.857,13,39,52,7,4,0,16,22,35
1628403,2018-19,0,1610612758,SAC,22,3,0,33,4,9,0.444,0,2,0,0,2,0,4,8,12,4,2,1,2,6,8
1628403,2018-19,0,0,TOT,22,21,0,178,18,53,0.34,1,7,0.143,6,9,0.667,17,47,64,11,6,1,18,28,43
1628410,2018-19,0,1610612754,IND,23,23,2,210,22,64,0.344,7,27,0.259,15,24,0.625,9,15,24,10,12,5,10,26,66
1629016,2018-19,0,1610612737,ATL,21,46,11,805,98,244,0.402,44,128,0.344,32,45,0.711,72,122,194,47,26,25,31,67,272
1629034,2018-19,0,1610612742,DAL,22,1,0,1,0,0,0,0,0,0,0,0,0,0,0,0,0,0,0,0,0,0
1629034,2018-19,0,1610612756,PHX,22,13,3,147,25,47,0.532,0,3,0,4,12,0.333,15,33,48,5,9,8,9,23,54
1629034,2018-19,0,0,TOT,22,14,3,148,25,47,0.532,0,3,0,4,12,0.333,15,33,48,5,9,8,9,23,54
203503,2018-19,0,1610612749,MIL,27,74,12,1304,163,361,0.452,81,204,0.397,37,42,0.881,29,128,157,68,26,18,23,90,444
1628372,2018-19,0,1610612742,DAL,21,32,32,908,157,357,0.44,43,125,0.344,57,82,0.695,18,79,97,138,40,11,100,82,414
1628372,2018-19,0,1610612752,NYK,21,21,18,600,121,293,0.413,24,83,0.289,42,74,0.568,14,44,58,114,27,9,54,47,308
1628372,2018-19,0,0,TOT,21,53,50,1508,278,650,0.428,67,208,0.322,99,156,0.635,32,123,155,252,67,20,154,129,722
1629015,2018-19,0,1610612755,PHI,20,6,2,111,14,34,0.412,6,16,0.375,6,8,0.75,3,10,13,10,2,2,6,8,40
202397,2018-19,0,1610612765,DET,30,56,0,1251,205,489,0.419,44,135,0.326,47,62,0.758,23,122,145,203,28,11,61,109,501
203935,2018-19,0,1610612738,BOS,25,80,60,2200,239,567,0.422,126,346,0.364,104,129,0.806,57,177,234,321,143,28,123,201,708
1629014,2018-19,0,1610612757,POR,20,20,1,141,28,63,0.444,10,29,0.345,9,16,0.563,3,10,13,13,1,0,11,9,75
1628424,2018-19,0,1610612739,CLE,21,1,0,2,0,0,0,0,0,0,0,0,0,0,0,0,0,0,0,0,0,0
1627732,2018-19,0,1610612755,PHI,22,79,79,2700,540,960,0.563,0,6,0,257,428,0.6,172,525,697,610,112,61,274,209,1337
1627783,2018-19,0,1610612761,TOR,25,80,79,2548,519,945,0.549,79,214,0.369,237,302,0.785,124,425,549,248,73,52,154,241,1354
202697,2018-19,0,1610612758,SAC,29,42,40,1099,133,348,0.382,74,202,0.366,34,41,0.829,19,110,129,91,47,20,38,92,374
202697,2018-19,0,1610612745,HOU,29,20,1,382,34,98,0.347,21,71,0.296,2,4,0.5,8,46,54,21,12,4,12,35,91
202697,2018-19,0,0,TOT,29,62,41,1481,167,446,0.374,95,273,0.348,36,45,0.8,27,156,183,112,59,24,50,127,465
1629013,2018-19,0,1610612755,PHI,22,54,4,1108,153,347,0.441,99,245,0.404,44,54,0.815,14,64,78,59,24,8,26,106,449
1629013,2018-19,0,1610612746,LAC,22,25,23,694,87,210,0.414,68,151,0.45,31,39,0.795,7,49,56,58,13,2,19,49,273
1629013,2018-19,0,0,TOT,22,79,27,1802,240,557,0.431,167,396,0.422,75,93,0.806,21,113,134,117,37,10,45,155,722
1629012,2018-19,0,1610612739,CLE,20,82,72,2605,519,1206,0.43,119,296,0.402,214,255,0.839,57,179,236,243,44,6,185,186,1371
200757,2018-19,0,1610612762,UTA,35,50,2,609,71,149,0.477,34,78,0.436,14,22,0.636,8,115,123,27,43,5,25,41,190
203118,2018-19,0,1610612746,LAC,30,52,0,748,92,230,0.4,52,133,0.391,12,18,0.667,24,150,174,44,17,8,27,88,248
203118,2018-19,0,1610612755,PHI,30,27,3,648,76,190,0.4,49,119,0.412,10,15,0.667,19,83,102,22,9,5,17,68,211
203118,2018-19,0,0,TOT,30,79,3,1396,168,420,0.4,101,252,0.401,22,33,0.667,43,233,276,66,26,13,44,156,459
203471,2018-19,0,1610612760,OKC,25,79,14,2314,457,1104,0.414,124,364,0.341,186,227,0.819,38,246,284,323,65,12,172,189,1224
203107,2018-19,0,1610612764,WAS,27,80,54,2164,257,530,0.485,64,162,0.395,131,160,0.819,82,197,279,399,82,13,120,172,709
203967,2018-19,0,1610612755,PHI,25,13,13,396,48,132,0.364,21,70,0.3,27,30,0.9,21,65,86,26,4,3,25,39,144
203967,2018-19,0,1610612750,MIN,25,68,28,1627,256,564,0.454,97,253,0.383,105,120,0.875,105,266,371,101,41,6,72,143,714
203967,2018-19,0,0,TOT,25,81,41,2022,304,696,0.437,118,323,0.365,132,150,0.88,126,331,457,127,45,9,97,182,858
203960,2018-19,0,1610612741,CHI,26,4,0,127,29,54,0.537,5,14,0.357,17,21,0.81,5,27,32,4,4,3,4,8,80
1627734,2018-19,0,1610612754,IND,23,74,5,1838,413,700,0.59,9,17,0.529,208,291,0.715,186,504,690,212,48,30,160,239,1043
1626156,2018-19,0,1610612751,BKN,23,81,81,2448,659,1517,0.434,234,635,0.369,160,205,0.78,53,262,315,563,100,20,253,141,1712
201937,2018-19,0,1610612762,UTA,28,68,67,1899,295,730,0.404,79,254,0.311,195,228,0.855,33,210,243,416,91,10,180,180,864
1626179,2018-19,0,1610612738,BOS,25,79,14,1791,258,666,0.387,119,337,0.353,73,93,0.785,32,275,307,231,68,21,68,101,708
203082,2018-19,0,1610612753,ORL,28,81,0,2150,440,1027,0.428,217,566,0.383,126,144,0.875,27,253,280,135,72,29,90,119,1223
201565,2018-19,0,1610612750,MIN,30,51,13,1392,363,753,0.482,54,146,0.37,137,160,0.856,33,107,140,220,31,12,82,57,917
200765,2018-19,0,1610612747,LAL,33,46,29,1369,175,432,0.405,51,142,0.359,23,36,0.639,34,209,243,367,57,7,127,100,424
203922,2018-19,0,1610612765,DET,25,47,18,610,74,176,0.42,18,62,0.29,32,40,0.8,17,54,71,21,14,8,18,45,198
1629011,2018-19,0,1610612752,NYK,21,66,19,1360,202,291,0.694,0,0,0,81,135,0.6,177,246,423,37,52,161,35,217,485
1629010,2018-19,0,1610612746,LAC,22,33,0,321,44,110,0.4,18,57,0.316,6,9,0.667,3,38,41,19,11,3,13,46,112
1629130,2018-19,0,1610612748,MIA,25,15,1,161,18,46,0.391,10,35,0.286,4,6,0.667,2,17,19,5,5,0,4,11,50
203085,2018-19,0,1610612764,WAS,26,29,2,683,76,194,0.392,33,106,0.311,25,46,0.543,10,61,71,58,18,10,36,72,210
203085,2018-19,0,1610612745,HOU,26,47,13,1345,156,378,0.413,71,221,0.321,25,49,0.51,15,76,91,109,29,13,32,135,408
203085,2018-19,0,0,TOT,26,76,15,2028,232,572,0.406,104,327,0.318,50,95,0.526,25,137,162,167,47,23,68,207,618
1626196,2018-19,0,1610612748,MIA,25,73,73,2539,423,1026,0.412,164,460,0.357,199,231,0.861,54,209,263,298,79,34,113,200,1209
1629244,2018-19,0,1610612750,MIN,24,19,0,259,33,78,0.423,21,51,0.412,8,9,0.889,4,27,31,13,6,2,5,26,95
200755,2018-19,0,1610612755,PHI,35,76,63,2379,452,1027,0.44,240,605,0.397,228,255,0.894,20,166,186,206,32,17,101,129,1372
203944,2018-19,0,1610612740,NOP,24,73,49,2232,571,1089,0.524,67,195,0.344,356,487,0.731,162,472,634,229,52,45,208,246,1565
1627752,2018-19,0,1610612737,ATL,25,55,47,1552,262,594,0.441,123,315,0.39,95,116,0.819,22,177,199,118,53,19,100,141,742
1626181,2018-19,0,1610612761,TOR,26,60,3,1126,193,400,0.483,68,170,0.4,62,75,0.827,16,123,139,91,39,13,65,96,516
203939,2018-19,0,1610612742,DAL,27,77,22,1663,290,486,0.597,39,127,0.307,196,254,0.772,140,271,411,112,44,50,67,201,815
1626171,2018-19,0,1610612741,CHI,24,22,6,531,122,271,0.45,27,72,0.375,39,50,0.78,46,115,161,29,11,8,29,61,310
1626171,2018-19,0,1610612764,WAS,24,28,22,768,157,357,0.44,48,119,0.403,38,47,0.809,63,179,242,43,24,12,45,84,400
1626171,2018-19,0,0,TOT,24,50,28,1298,279,628,0.444,75,191,0.393,77,97,0.794,109,294,403,72,35,20,74,145,710
203490,2018-19,0,1610612764,WAS,26,41,28,1191,202,442,0.457,65,176,0.369,49,64,0.766,40,191,231,80,64,22,40,79,518
203490,2018-19,0,1610612741,CHI,26,15,15,492,97,201,0.483,39,80,0.488,29,32,0.906,14,69,83,40,18,9,25,29,262
203490,2018-19,0,0,TOT,26,56,43,1684,299,643,0.465,104,256,0.406,78,96,0.813,54,260,314,120,82,31,65,108,780
1627751,2018-19,0,1610612759,SAS,23,77,24,1273,187,290,0.645,0,0,0,49,92,0.533,178,232,410,93,29,68,48,124,423
203486,2018-19,0,1610612743,DEN,29,82,17,1731,262,442,0.593,2,10,0.2,111,198,0.561,165,359,524,243,66,76,126,252,637
1629033,2018-19,0,1610612751,BKN,23,18,0,211,25,73,0.342,12,46,0.261,19,22,0.864,4,32,36,21,6,0,18,15,81
1627780,2018-19,0,1610612764,WAS,26,3,0,16,5,8,0.625,1,2,0.5,0,0,0,1,1,2,4,3,1,1,2,11
203901,2018-19,0,1610612740,NOP,25,42,42,1250,179,412,0.434,33,105,0.314,55,74,0.743,49,171,220,320,44,17,112,81,446
101108,2018-19,0,1610612745,HOU,34,58,58,1857,302,720,0.419,127,355,0.358,175,203,0.862,36,229,265,473,114,18,152,146,906
1628383,2018-19,0,1610612755,PHI,22,3,0,21,2,7,0.286,0,2,0,1,2,0.5,2,4,6,3,2,0,0,5,5
202335,2018-19,0,1610612760,OKC,30,63,5,861,82,219,0.374,46,137,0.336,19,30,0.633,42,105,147,31,16,13,22,46,229
202718,2018-19,0,1610612763,MEM,30,25,3,496,68,182,0.374,29,94,0.309,22,25,0.88,4,66,70,43,19,5,32,45,187
203953,2018-19,0,1610612741,CHI,24,39,17,1042,220,464,0.474,37,114,0.325,79,108,0.731,41,200,241,84,23,14,84,87,556
203953,2018-19,0,1610612764,WAS,24,25,0,682,149,285,0.523,24,81,0.296,52,76,0.684,38,142,180,68,23,16,67,58,374
203953,2018-19,0,0,TOT,24,64,17,1724,369,749,0.493,61,195,0.313,131,184,0.712,79,342,421,152,46,30,151,145,930
1626162,2018-19,0,1610612764,WAS,23,29,7,755,132,305,0.433,41,132,0.311,68,85,0.8,24,105,129,20,27,20,30,71,373
1626162,2018-19,0,1610612756,PHX,23,40,12,1180,243,537,0.453,67,206,0.325,121,159,0.761,47,149,196,64,57,39,73,110,674
1626162,2018-19,0,0,TOT,23,69,19,1935,375,842,0.445,108,338,0.32,189,244,0.775,71,254,325,84,84,59,103,181,1047
1626224,2018-19,0,1610612739,CLE,24,76,75,2444,360,844,0.427,130,374,0.348,141,181,0.779,45,312,357,195,60,11,114,195,991
203482,2018-19,0,1610612748,MIA,28,79,36,1812,261,564,0.463,113,319,0.354,152,185,0.822,72,303,375,140,53,37,114,183,787
203506,2018-19,0,1610612754,IND,27,36,36,1147,249,588,0.423,74,216,0.343,103,141,0.73,21,181,202,186,60,11,82,72,675
1629006,2018-19,0,1610612750,MIN,20,74,52,1757,196,508,0.386,60,215,0.279,118,162,0.728,41,177,218,91,88,33,63,166,570
1629059,2018-19,0,1610612756,PHX,21,53,16,958,114,290,0.393,39,132,0.295,37,47,0.787,12,86,98,127,32,7,69,109,304
1626143,2018-19,0,1610612740,NOP,23,59,24,935,212,362,0.586,1,5,0.2,59,89,0.663,82,196,278,40,15,40,52,96,484
1628400,2018-19,0,1610612738,BOS,24,56,3,594,67,158,0.424,28,89,0.315,24,39,0.615,24,62,86,23,10,4,19,43,186
203124,2018-19,0,1610612754,IND,29,45,3,371,69,136,0.507,1,12,0.083,17,21,0.81,29,90,119,56,9,25,31,68,156
1626220,2018-19,0,1610612762,UTA,26,82,16,1671,163,343,0.475,68,176,0.386,32,42,0.762,22,263,285,124,54,24,70,172,426
1628021,2018-19,0,1610612739,CLE,26,51,14,984,126,262,0.481,24,75,0.32,58,85,0.682,41,122,163,54,36,17,29,106,334
203994,2018-19,0,1610612757,POR,24,72,72,1974,420,826,0.508,3,29,0.103,282,365,0.773,243,505,748,233,71,103,168,250,1125
1628373,2018-19,0,1610612752,NYK,20,43,16,904,95,282,0.337,33,115,0.287,23,30,0.767,12,75,87,121,30,14,56,104,246
203457,2018-19,0,1610612760,OKC,25,77,2,1056,162,276,0.587,0,0,0,54,79,0.684,127,198,325,45,66,96,48,166,378
1627777,2018-19,0,1610612762,UTA,26,59,0,516,86,181,0.475,43,105,0.41,20,24,0.833,11,76,87,35,10,6,23,57,235
203526,2018-19,0,1610612762,UTA,27,37,1,474,74,161,0.46,20,60,0.333,28,33,0.848,6,56,62,93,14,4,35,49,196
2403,2018-19,0,1610612745,HOU,36,42,2,546,60,116,0.517,0,3,0,31,47,0.66,34,89,123,26,18,15,11,87,151
203894,2018-19,0,1610612751,BKN,27,56,2,983,169,435,0.389,76,228,0.333,115,138,0.833,18,82,100,143,41,16,66,67,529
1626204,2018-19,0,1610612739,CLE,26,67,30,1795,249,479,0.52,33,98,0.337,96,134,0.716,168,384,552,214,100,40,97,192,627
1627846,2018-19,0,1610612760,OKC,25,61,1,694,91,215,0.423,32,100,0.32,27,36,0.75,14,102,116,20,20,12,26,68,241
1629004,2018-19,0,1610612747,LAL,22,39,0,420,44,132,0.333,27,85,0.318,12,20,0.6,8,26,34,33,13,1,20,25,127
1629004,2018-19,0,1610612765,DET,22,3,0,20,2,8,0.25,2,4,0.5,0,0,0,1,1,2,4,1,0,1,0,6
1629004,2018-19,0,0,TOT,22,42,0,440,46,140,0.329,29,89,0.326,12,20,0.6,9,27,36,37,14,1,21,25,133
203488,2018-19,0,1610612755,PHI,27,47,6,1041,109,278,0.392,68,199,0.342,63,77,0.818,51,149,200,62,18,27,43,112,349
203488,2018-19,0,1610612747,LAL,27,17,4,265,36,83,0.434,21,57,0.368,7,8,0.875,6,38,44,14,4,11,5,18,100
203488,2018-19,0,0,TOT,27,64,10,1306,145,361,0.402,89,256,0.348,70,85,0.824,57,187,244,76,22,38,48,130,449
1629058,2018-19,0,1610612751,BKN,20,9,0,39,9,22,0.409,1,10,0.1,0,2,0,1,4,5,2,2,0,4,1,19
1627750,2018-19,0,1610612743,DEN,22,75,74,2447,513,1173,0.437,152,414,0.367,189,223,0.848,65,252,317,363,67,27,158,153,1367
1626144,2018-19,0,1610612752,NYK,23,59,42,1607,330,740,0.446,69,210,0.329,144,186,0.774,33,163,196,228,43,19,140,103,873
1628405,2018-19,0,1610612746,LAC,24,22,0,156,39,73,0.534,0,3,0,24,40,0.6,18,33,51,11,5,3,16,27,102
202694,2018-19,0,1610612738,BOS,29,75,53,2091,377,844,0.447,146,389,0.375,146,173,0.844,76,382,458,109,43,25,92,181,1046
1628420,2018-19,0,1610612743,DEN,24,82,6,1970,346,702,0.493,94,227,0.414,65,81,0.802,35,159,194,297,73,4,52,102,851
202693,2018-19,0,1610612764,WAS,29,34,15,883,143,328,0.436,48,144,0.333,57,73,0.781,41,133,174,60,25,20,47,117,391
202693,2018-19,0,1610612760,OKC,29,24,1,387,61,156,0.391,20,59,0.339,14,19,0.737,20,71,91,19,11,2,7,58,156
202693,2018-19,0,0,TOT,29,58,16,1271,204,484,0.421,68,203,0.335,71,92,0.772,61,204,265,79,36,22,54,175,547
202734,2018-19,0,1610612740,NOP,30,53,36,1463,256,532,0.481,76,176,0.432,45,59,0.763,35,92,127,102,40,8,59,112,633
1628370,2018-19,0,1610612766,CHA,21,73,0,1258,227,586,0.387,109,330,0.33,90,102,0.882,16,121,137,117,37,19,86,106,653
1628513,2018-19,0,1610612762,UTA,25,14,0,84,6,20,0.3,2,11,0.182,2,2,1,1,5,6,15,1,1,8,10,16
1628378,2018-19,0,1610612762,UTA,22,77,77,2598,661,1530,0.432,188,519,0.362,319,396,0.806,59,257,316,322,106,31,218,208,1829
1629003,2018-19,0,1610612755,PHI,22,20,0,268,34,87,0.391,14,44,0.318,5,7,0.714,9,26,35,18,8,8,6,29,87
200794,2018-19,0,1610612743,DEN,34,70,65,1895,322,665,0.484,58,159,0.365,181,249,0.727,153,352,505,141,83,54,95,183,883
201988,2018-19,0,1610612759,SAS,30,82,1,1908,282,663,0.425,159,404,0.394,88,103,0.854,24,158,182,245,49,10,93,129,811
1626259,2018-19,0,1610612761,TOR,26,10,0,67,11,26,0.423,10,21,0.476,3,4,0.75,1,4,5,1,1,1,1,5,35
203121,2018-19,0,1610612740,NOP,29,69,15,1757,189,484,0.39,133,364,0.365,56,71,0.789,14,114,128,146,40,23,59,165,567
101139,2018-19,0,1610612761,TOR,32,40,1,562,70,206,0.34,43,137,0.314,35,44,0.795,12,56,68,22,18,10,21,62,218
101139,2018-19,0,1610612763,MEM,32,13,0,294,42,105,0.4,24,66,0.364,13,14,0.929,1,26,27,14,8,5,9,17,121
101139,2018-19,0,0,TOT,32,53,1,857,112,311,0.36,67,203,0.33,48,58,0.828,13,82,95,36,26,15,30,79,339
203114,2018-19,0,1610612749,MIL,27,77,77,2393,506,1148,0.441,179,474,0.378,216,258,0.837,50,411,461,331,80,7,174,172,1407
1629002,2018-19,0,1610612759,SAS,22,29,0,145,19,58,0.328,0,2,0,13,17,0.765,9,27,36,13,6,2,15,14,51
1629001,2018-19,0,1610612756,PHX,21,50,31,984,100,256,0.391,29,95,0.305,21,28,0.75,25,109,134,159,68,23,75,113,250
203895,2018-19,0,1610612764,WAS,28,27,0,333,61,130,0.469,10,35,0.286,28,35,0.8,6,34,40,30,13,7,15,26,160
203463,2018-19,0,1610612758,SAC,26,19,0,158,25,64,0.391,17,41,0.415,8,12,0.667,3,14,17,4,6,3,5,22,75
1628035,2018-19,0,1610612744,GSW,26,72,5,1003,134,275,0.487,42,118,0.356,27,48,0.563,81,166,247,31,18,15,30,134,337
203585,2018-19,0,1610612748,MIA,27,66,45,1550,186,461,0.403,79,225,0.351,52,72,0.722,60,178,238,112,36,12,64,115,503
201580,2018-19,0,1610612747,LAL,31,75,62,1671,400,641,0.624,1,12,0.083,96,152,0.632,195,371,566,52,47,148,108,208,897
203926,2018-19,0,1610612754,IND,27,77,1,1340,207,422,0.491,84,206,0.408,66,79,0.835,17,92,109,67,18,8,42,104,564
204456,2018-19,0,1610612755,PHI,27,76,3,1470,220,419,0.525,14,42,0.333,29,37,0.784,28,146,174,258,79,17,91,105,483
203468,2018-19,0,1610612757,POR,27,70,70,2375,571,1243,0.459,167,445,0.375,159,192,0.828,62,220,282,207,55,28,106,172,1468
1627775,2018-19,0,1610612739,CLE,23,3,0,53,2,9,0.222,1,4,0.25,0,0,0,0,3,3,2,2,0,3,1,5
1627775,2018-19,0,1610612761,TOR,23,26,1,344,24,54,0.444,8,24,0.333,13,15,0.867,7,38,45,27,21,2,14,37,69
1627775,2018-19,0,0,TOT,23,29,1,397,26,63,0.413,9,28,0.321,13,15,0.867,7,41,48,29,23,2,17,38,74
202083,2018-19,0,1610612742,DAL,32,44,44,1312,194,469,0.414,100,263,0.38,87,110,0.791,20,82,102,100,33,12,58,102,575
202083,2018-19,0,1610612752,NYK,32,2,1,54,4,19,0.211,2,10,0.2,4,5,0.8,1,2,3,5,1,1,2,2,14
202083,2018-19,0,1610612754,IND,32,23,23,725,81,210,0.386,48,130,0.369,41,48,0.854,11,54,65,55,20,4,31,56,251
202083,2018-19,0,0,TOT,32,69,68,2091,279,698,0.4,150,403,0.372,132,163,0.81,32,138,170,160,54,17,91,160,840
1628412,2018-19,0,1610612758,SAC,25,38,0,435,71,169,0.42,14,64,0.219,39,57,0.684,6,37,43,84,16,4,36,34,195
1628374,2018-19,0,1610612741,CHI,22,52,51,1682,342,795,0.43,120,332,0.361,170,195,0.872,74,396,470,75,37,33,85,122,974
1626246,2018-19,0,1610612746,LAC,30,36,9,376,85,140,0.607,0,2,0,72,95,0.758,55,97,152,22,11,17,37,57,242
1626246,2018-19,0,1610612755,PHI,30,22,3,305,75,120,0.625,4,8,0.5,26,36,0.722,32,81,113,32,5,10,22,33,180
1626246,2018-19,0,0,TOT,30,58,12,681,160,260,0.615,4,10,0.4,98,131,0.748,87,178,265,54,16,27,59,90,422
1627748,2018-19,0,1610612749,MIL,22,35,0,409,59,134,0.44,26,78,0.333,20,37,0.541,17,79,96,18,10,18,9,55,164
1627748,2018-19,0,1610612765,DET,22,29,5,563,50,134,0.373,23,75,0.307,36,47,0.766,24,82,106,27,11,33,24,50,159
1627748,2018-19,0,0,TOT,22,64,5,972,109,268,0.407,49,153,0.32,56,84,0.667,41,161,202,45,21,51,33,105,323
101133,2018-19,0,1610612764,WAS,32,34,6,498,47,104,0.452,3,16,0.188,42,61,0.689,48,80,128,25,25,16,21,84,139
1629133,2018-19,0,1610612742,DAL,23,8,0,90,10,27,0.37,5,11,0.455,4,7,0.571,2,10,12,7,1,0,6,8,29
1626168,2018-19,0,1610612743,DEN,23,64,2,1120,207,495,0.418,51,200,0.255,81,116,0.698,44,202,246,87,30,23,68,93,546
1627789,2018-19,0,1610612760,OKC,24,21,1,123,13,43,0.302,5,22,0.227,4,6,0.667,4,14,18,4,4,1,5,14,35
1627789,2018-19,0,1610612741,CHI,24,29,6,546,69,175,0.394,31,94,0.33,27,35,0.771,7,72,79,22,15,7,16,59,196
1627789,2018-19,0,0,TOT,24,50,7,669,82,218,0.376,36,116,0.31,31,41,0.756,11,86,97,26,19,8,21,73,231
200768,2018-19,0,1610612761,TOR,33,65,65,2213,304,739,0.411,157,453,0.347,161,194,0.83,41,271,312,564,91,31,182,166,926
201567,2018-19,0,1610612739,CLE,30,22,21,598,109,283,0.385,53,147,0.361,103,114,0.904,33,206,239,48,6,5,42,54,374
201577,2018-19,0,1610612741,CHI,31,74,36,1606,304,535,0.568,7,31,0.226,89,123,0.724,140,146,286,89,11,78,96,124,704
201572,2018-19,0,1610612749,MIL,31,81,81,2322,355,786,0.452,187,512,0.365,112,133,0.842,33,363,396,98,51,179,82,189,1009
1626172,2018-19,0,1610612744,GSW,23,80,24,1481,217,347,0.625,1,10,0.1,65,105,0.619,194,223,417,123,46,53,51,211,500
203081,2018-19,0,1610612757,POR,28,80,80,2838,681,1533,0.444,237,643,0.369,468,513,0.912,68,303,371,551,88,34,212,148,2067
203086,2018-19,0,1610612757,POR,27,61,2,878,132,242,0.545,50,111,0.45,43,51,0.843,49,184,233,75,13,9,43,105,357
202695,2018-19,0,1610612761,TOR,28,60,60,2040,560,1129,0.496,112,302,0.371,364,426,0.854,78,361,439,199,106,24,121,87,1596
203458,2018-19,0,1610612737,ATL,26,77,31,1544,320,648,0.494,74,204,0.363,140,216,0.648,158,266,424,86,27,69,97,200,854
1627814,2018-19,0,1610612744,GSW,26,32,0,375,56,127,0.441,27,68,0.397,19,22,0.864,8,56,64,13,13,0,11,28,158
201584,2018-19,0,1610612752,NYK,33,12,2,160,21,47,0.447,5,16,0.313,9,14,0.643,6,21,27,16,8,2,5,13,56
201584,2018-19,0,1610612742,DAL,33,22,4,268,32,82,0.39,11,39,0.282,5,7,0.714,3,24,27,21,13,1,9,19,80
201584,2018-19,0,0,TOT,33,34,6,428,53,129,0.411,16,55,0.291,14,21,0.667,9,45,54,37,21,3,14,32,136
1628388,2018-19,0,1610612754,IND,22,58,1,522,99,183,0.541,8,31,0.258,19,31,0.613,43,82,125,24,9,19,12,35,225
1627747,2018-19,0,1610612751,BKN,24,40,25,1063,207,483,0.429,48,154,0.312,85,123,0.691,35,116,151,156,42,14,69,77,547
1627774,2018-19,0,1610612757,POR,25,71,33,1327,216,424,0.509,59,181,0.326,50,71,0.704,56,161,217,53,31,30,46,116,541
203087,2018-19,0,1610612766,CHA,27,79,55,2250,431,979,0.44,115,330,0.348,231,260,0.888,65,369,434,172,88,32,80,140,1208
1627746,2018-19,0,1610612758,SAC,23,13,0,113,13,30,0.433,4,11,0.364,6,11,0.545,4,20,24,6,2,3,7,21,36
1627746,2018-19,0,1610612757,POR,23,9,1,63,13,19,0.684,2,2,1,3,6,0.5,5,14,19,5,3,3,4,8,31
1627746,2018-19,0,0,TOT,23,22,1,176,26,49,0.531,6,13,0.462,9,17,0.529,9,34,43,11,5,6,11,29,67
203897,2018-19,0,1610612741,CHI,24,63,62,2171,530,1135,0.467,120,321,0.374,312,375,0.832,40,254,294,283,60,26,215,140,1492
1628398,2018-19,0,1610612747,LAL,23,70,68,2314,496,1087,0.456,128,422,0.303,188,250,0.752,60,322,382,178,41,26,133,170,1308
1629066,2018-19,0,1610612751,BKN,21,63,46,1294,202,449,0.45,58,184,0.315,72,92,0.783,56,190,246,52,41,25,77,146,534
2594,2018-19,0,1610612739,CLE,38,16,0,251,35,76,0.461,25,54,0.463,13,16,0.813,0,29,29,17,3,2,17,22,108
2594,2018-19,0,1610612762,UTA,38,54,0,1083,166,407,0.408,113,294,0.384,47,57,0.825,9,124,133,64,22,10,42,84,492
2594,2018-19,0,0,TOT,38,70,0,1334,201,483,0.416,138,348,0.397,60,73,0.822,9,153,162,81,25,12,59,106,600
1628436,2018-19,0,1610612752,NYK,23,46,18,784,107,283,0.378,70,193,0.363,38,46,0.826,28,107,135,54,27,42,25,41,322
1627788,2018-19,0,1610612755,PHI,21,48,7,679,98,245,0.4,47,144,0.326,36,44,0.818,16,91,107,52,29,2,25,62,279
1628995,2018-19,0,1610612752,NYK,19,75,57,2158,338,914,0.37,125,364,0.343,162,226,0.717,61,274,335,82,43,24,114,175,963
202688,2018-19,0,1610612745,HOU,27,12,0,118,11,47,0.234,5,32,0.156,9,11,0.818,1,8,9,9,2,0,5,14,36
202688,2018-19,0,1610612739,CLE,27,27,26,618,88,213,0.413,36,97,0.371,18,23,0.783,9,41,50,62,19,2,25,48,230
202688,2018-19,0,0,TOT,27,39,26,737,99,260,0.381,41,129,0.318,27,34,0.794,10,49,59,71,21,2,30,62,266
1628467,2018-19,0,1610612742,DAL,27,71,18,1502,175,386,0.453,77,218,0.353,58,74,0.784,90,239,329,70,36,78,54,143,485
203077,2018-19,0,1610612766,CHA,25,64,3,1179,158,332,0.476,16,47,0.34,95,123,0.772,88,158,246,61,32,39,43,156,427
1628379,2018-19,0,1610612765,DET,23,63,10,1437,228,520,0.438,106,269,0.394,51,61,0.836,12,171,183,114,26,10,57,92,613
202683,2018-19,0,1610612752,NYK,27,44,23,1128,251,468,0.536,7,22,0.318,105,129,0.814,171,290,461,84,18,17,79,106,614
202683,2018-19,0,1610612757,POR,27,23,8,512,124,215,0.577,3,12,0.25,50,68,0.735,86,112,198,32,14,9,39,61,301
202683,2018-19,0,0,TOT,27,67,31,1639,375,683,0.549,10,34,0.294,155,197,0.787,257,402,659,116,32,26,118,167,915
1626163,2018-19,0,1610612766,CHA,26,47,0,755,138,298,0.463,50,139,0.36,79,107,0.738,39,124,163,63,12,12,41,68,405
202709,2018-19,0,1610612754,IND,27,82,9,2063,226,548,0.412,55,171,0.322,30,43,0.698,39,240,279,321,94,22,80,131,537
201599,2018-19,0,1610612742,DAL,30,50,50,1554,208,323,0.644,0,0,0,135,198,0.682,161,525,686,99,33,53,111,125,551
201599,2018-19,0,1610612752,NYK,30,19,19,493,78,123,0.634,0,0,0,51,66,0.773,64,152,216,57,9,20,42,42,207
201599,2018-19,0,0,TOT,30,69,69,2047,286,446,0.641,0,0,0,186,264,0.705,225,677,902,156,42,73,153,167,758
1627884,2018-19,0,1610612748,MIA,22,60,14,1154,160,324,0.494,28,91,0.308,74,122,0.607,96,144,240,37,46,42,43,123,422
1626145,2018-19,0,1610612750,MIN,23,68,23,1560,185,446,0.415,40,126,0.317,58,69,0.841,23,111,134,327,81,5,47,78,468
1627745,2018-19,0,1610612744,GSW,24,24,22,410,53,74,0.716,0,0,0,24,37,0.649,31,44,75,28,12,25,16,63,130
203999,2018-19,0,1610612743,DEN,24,80,80,2504,616,1206,0.511,83,270,0.307,289,352,0.821,228,637,865,580,108,55,248,228,1604
204020,2018-19,0,1610612748,MIA,27,44,10,1123,171,401,0.426,72,204,0.353,61,88,0.693,19,102,121,112,40,21,63,72,475
204020,2018-19,0,1610612756,PHX,27,13,12,406,46,125,0.368,18,56,0.321,34,39,0.872,15,37,52,54,14,6,14,25,144
204020,2018-19,0,0,TOT,27,57,22,1529,217,526,0.413,90,260,0.346,95,127,0.748,34,139,173,166,54,27,77,97,619
1626169,2018-19,0,1610612765,DET,23,48,7,961,133,349,0.381,51,181,0.282,41,51,0.804,25,150,175,60,48,13,55,92,358
1626169,2018-19,0,1610612740,NOP,23,18,0,247,38,91,0.418,11,34,0.324,9,13,0.692,9,33,42,28,12,1,26,22,96
1626169,2018-19,0,0,TOT,23,66,7,1207,171,440,0.389,62,215,0.288,50,64,0.781,34,183,217,88,60,14,81,114,454
201949,2018-19,0,1610612748,MIA,32,55,33,1164,164,379,0.433,50,149,0.336,50,70,0.714,22,154,176,135,35,27,74,114,428
1629168,2018-19,0,1610612737,ATL,23,6,0,43,8,16,0.5,3,6,0.5,2,2,1,2,6,8,0,2,0,2,3,21
1629168,2018-19,0,1610612758,SAC,23,1,0,6,1,2,0.5,0,1,0,0,0,0,0,0,0,0,0,0,0,1,2
1629168,2018-19,0,0,TOT,23,7,0,49,9,18,0.5,3,7,0.429,2,2,1,2,6,8,0,2,0,2,4,23
1628993,2018-19,0,1610612754,IND,23,14,0,64,4,16,0.25,1,2,0.5,4,8,0.5,4,15,19,1,1,3,0,7,13
1628518,2018-19,0,1610612753,ORL,26,12,0,68,10,16,0.625,0,0,0,7,8,0.875,6,15,21,3,3,3,1,8,27
2544,2018-19,0,1610612747,LAL,34,55,55,1937,558,1095,0.51,111,327,0.339,278,418,0.665,57,408,465,454,72,33,197,94,1505
1628991,2018-19,0,1610612763,MEM,19,58,56,1515,298,589,0.506,51,142,0.359,151,197,0.766,73,199,272,64,52,82,98,220,798
202704,2018-19,0,1610612765,DET,29,82,82,2289,441,1047,0.421,174,471,0.369,204,236,0.864,45,171,216,344,55,9,148,208,1260
1628382,2018-19,0,1610612758,SAC,24,52,3,1083,125,295,0.424,55,159,0.346,41,50,0.82,25,121,146,68,23,13,22,67,346
1628382,2018-19,0,1610612742,DAL,24,29,11,531,92,190,0.484,32,86,0.372,21,29,0.724,19,47,66,28,9,1,7,32,237
1628382,2018-19,0,0,TOT,24,81,14,1613,217,485,0.447,87,245,0.355,62,79,0.785,44,168,212,96,32,14,29,99,583
1628367,2018-19,0,1610612756,PHX,22,79,29,1988,347,841,0.413,73,225,0.324,143,213,0.671,66,281,347,183,74,56,173,209,910
1628402,2018-19,0,1610612740,NOP,21,61,16,1169,194,447,0.434,53,169,0.314,54,73,0.74,25,109,134,69,25,2,48,92,495
1628411,2018-19,0,1610612753,ORL,24,68,13,1233,113,274,0.412,29,79,0.367,84,103,0.816,37,147,184,73,28,22,44,123,339
1628371,2018-19,0,1610612753,ORL,21,75,64,1996,262,611,0.429,86,266,0.323,110,135,0.815,99,312,411,80,59,98,75,143,720
202681,2018-19,0,1610612738,BOS,27,67,67,2214,604,1241,0.487,174,434,0.401,214,245,0.873,71,264,335,464,103,34,172,167,1596
1627742,2018-19,0,1610612747,LAL,21,52,52,1761,362,729,0.497,31,94,0.33,195,289,0.675,41,226,267,154,28,31,129,149,950
204060,2018-19,0,1610612762,UTA,31,82,82,2568,359,802,0.448,189,483,0.391,87,123,0.707,35,295,330,469,98,20,193,180,994
101141,2018-19,0,1610612749,MIL,32,67,7,1231,167,381,0.438,58,160,0.363,61,74,0.824,94,208,302,52,32,20,48,172,453
2738,2018-19,0,1610612744,GSW,35,68,13,1578,151,302,0.5,48,144,0.333,39,67,0.582,48,204,252,216,61,51,52,95,389
201586,2018-19,0,1610612761,TOR,29,74,51,2010,464,877,0.529,49,169,0.29,135,177,0.763,156,445,601,99,29,103,114,211,1112
1628990,2018-19,0,1610612741,CHI,23,44,14,895,96,209,0.459,14,50,0.28,23,38,0.605,31,154,185,34,23,6,25,59,229
1628989,2018-19,0,1610612737,ATL,20,75,59,2049,275,657,0.419,136,353,0.385,41,56,0.732,60,185,245,214,65,25,109,155,727
2730,2018-19,0,1610612764,WAS,33,9,9,230,43,69,0.623,0,0,0,29,48,0.604,24,59,83,4,7,4,16,34,115
1627863,2018-19,0,1610612745,HOU,26,39,13,979,118,252,0.468,74,178,0.416,56,71,0.789,25,115,140,40,21,11,35,80,366
201143,2018-19,0,1610612738,BOS,33,68,68,1973,387,723,0.535,73,203,0.36,78,95,0.821,120,338,458,283,59,86,102,126,925
203918,2018-19,0,1610612739,CLE,26,45,45,1234,194,454,0.427,55,152,0.362,104,114,0.912,18,94,112,92,38,5,36,101,547
203918,2018-19,0,1610612757,POR,26,27,4,659,98,217,0.452,29,84,0.345,33,41,0.805,7,38,45,34,21,7,19,45,258
203918,2018-19,0,0,TOT,26,72,49,1893,292,671,0.435,84,236,0.356,137,155,0.884,25,132,157,126,59,12,55,146,805
1626158,2018-19,0,1610612756,PHX,25,70,4,1184,222,365,0.608,0,0,0,128,175,0.731,115,216,331,60,42,79,52,194,572
1626178,2018-19,0,1610612751,BKN,24,59,21,1234,200,487,0.411,9,49,0.184,118,183,0.645,83,227,310,96,44,27,68,107,527
203200,2018-19,0,1610612741,CHI,30,38,38,1325,151,394,0.383,97,270,0.359,41,46,0.891,19,150,169,85,67,21,47,79,440
203200,2018-19,0,1610612763,MEM,30,44,39,1282,149,383,0.389,65,195,0.333,54,60,0.9,27,127,154,61,54,15,57,85,417
203200,2018-19,0,0,TOT,30,82,77,2607,300,777,0.386,162,465,0.348,95,106,0.896,46,277,323,146,121,36,104,164,857
201950,2018-19,0,1610612740,NOP,29,67,67,2402,547,1159,0.472,118,363,0.325,208,271,0.768,75,259,334,518,109,54,210,148,1420
1628988,2018-19,0,1610612754,IND,22,50,0,646,105,262,0.401,43,127,0.339,41,50,0.82,5,62,67,87,21,13,40,71,294
203524,2018-19,0,1610612740,NOP,28,44,15,879,68,178,0.382,32,101,0.317,23,32,0.719,34,99,133,55,23,10,31,80,191
201588,2018-19,0,1610612739,CLE,33,13,13,344,55,107,0.514,13,28,0.464,17,20,0.85,12,15,27,36,12,1,20,35,140
201588,2018-19,0,1610612749,MIL,33,47,0,958,115,269,0.428,35,125,0.28,53,65,0.815,27,94,121,99,40,7,31,67,318
201588,2018-19,0,0,TOT,33,60,13,1302,170,376,0.452,48,153,0.314,70,85,0.824,39,109,148,135,52,8,51,102,458
1627741,2018-19,0,1610612758,SAC,26,82,82,2615,623,1360,0.458,278,651,0.427,171,193,0.886,106,306,412,205,58,33,146,202,1695
1626209,2018-19,0,1610612752,NYK,24,58,24,1206,191,464,0.412,42,152,0.276,87,114,0.763,28,211,239,88,57,8,88,110,511
1626195,2018-19,0,1610612766,CHA,25,58,3,812,153,295,0.519,15,39,0.385,100,144,0.694,117,194,311,60,16,20,58,98,421
1627823,2018-19,0,1610612743,DEN,23,70,25,1358,138,314,0.439,66,181,0.365,66,86,0.767,64,201,265,55,27,24,37,94,408
203089,2018-19,0,1610612749,MIL,28,14,0,188,31,67,0.463,11,31,0.355,6,10,0.6,16,55,71,14,7,11,12,16,79
202330,2018-19,0,1610612738,BOS,29,72,18,1863,296,635,0.466,77,231,0.333,156,187,0.834,51,271,322,244,62,23,105,104,825
2617,2018-19,0,1610612748,MIA,39,10,1,75,11,33,0.333,0,12,0,3,4,0.75,3,24,27,2,0,0,3,9,25
1628392,2018-19,0,1610612745,HOU,21,28,0,221,20,41,0.488,2,6,0.333,11,14,0.786,21,26,47,15,7,12,13,56,53
1628404,2018-19,0,1610612747,LAL,24,67,22,1715,189,464,0.407,92,274,0.336,55,80,0.688,35,213,248,93,64,40,58,147,525
1627885,2018-19,0,1610612741,CHI,25,73,11,1430,184,426,0.432,24,89,0.27,82,123,0.667,33,189,222,139,89,30,60,124,474
202699,2018-19,0,1610612746,LAC,26,55,55,1904,424,855,0.496,112,258,0.434,192,219,0.877,37,395,432,150,40,24,109,123,1152
202699,2018-19,0,1610612755,PHI,26,27,27,944,187,399,0.469,44,135,0.326,74,88,0.841,32,181,213,79,11,13,42,61,492
202699,2018-19,0,0,TOT,26,82,82,2848,611,1254,0.487,156,393,0.397,266,307,0.866,69,576,645,229,51,37,151,184,1644
203925,2018-19,0,1610612751,BKN,27,76,76,2294,374,748,0.5,183,386,0.474,110,133,0.827,52,239,291,181,38,17,121,182,1041
203914,2018-19,0,1610612743,DEN,24,57,48,1639,270,637,0.424,82,242,0.339,115,144,0.799,41,119,160,127,55,19,68,113,737
1626149,2018-19,0,1610612746,LAC,25,82,5,2158,546,888,0.615,3,17,0.176,266,414,0.643,184,351,535,162,71,110,132,255,1361
203090,2018-19,0,1610612757,POR,26,60,53,1415,189,388,0.487,33,120,0.275,49,73,0.671,77,192,269,74,67,53,45,163,460
201935,2018-19,0,1610612745,HOU,29,78,78,2867,843,1909,0.442,378,1028,0.368,754,858,0.879,66,452,518,586,158,58,387,244,2818
203501,2018-19,0,1610612752,NYK,27,46,46,1499,282,726,0.388,117,337,0.347,199,233,0.854,26,135,161,122,42,6,81,106,880
203501,2018-19,0,1610612742,DAL,27,19,17,557,108,267,0.404,45,140,0.321,33,43,0.767,7,54,61,37,12,2,24,35,294
203501,2018-19,0,0,TOT,27,65,63,2057,390,993,0.393,162,477,0.34,232,276,0.841,33,189,222,159,54,8,105,141,1174
201933,2018-19,0,1610612765,DET,30,75,75,2622,619,1341,0.462,189,522,0.362,414,550,0.753,100,465,565,402,52,28,253,199,1841
201145,2018-19,0,1610612764,WAS,32,77,44,2097,326,687,0.475,111,320,0.347,183,206,0.888,57,252,309,137,43,39,101,160,946
203210,2018-19,0,1610612763,MEM,29,41,4,900,151,312,0.484,38,96,0.396,63,80,0.788,72,180,252,36,33,26,64,123,403
203210,2018-19,0,1610612746,LAC,29,24,2,471,79,164,0.482,33,80,0.413,17,21,0.81,32,125,157,14,12,8,23,70,208
203210,2018-19,0,0,TOT,29,65,6,1371,230,476,0.483,71,176,0.403,80,101,0.792,104,305,409,50,45,34,87,193,611
101123,2018-19,0,1610612745,HOU,33,73,0,1473,231,578,0.4,156,441,0.354,57,68,0.838,30,152,182,40,33,27,55,126,675
203110,2018-19,0,1610612744,GSW,29,66,66,2065,188,422,0.445,47,165,0.285,63,91,0.692,60,421,481,454,95,70,169,197,486
201980,2018-19,0,1610612761,TOR,32,80,80,2215,293,630,0.465,198,435,0.455,37,44,0.841,60,257,317,126,73,53,75,171,821
203924,2018-19,0,1610612760,OKC,25,80,77,2612,409,823,0.497,115,293,0.392,157,221,0.71,96,321,417,79,61,100,67,214,1090
1626203,2018-19,0,1610612751,BKN,25,35,21,715,64,191,0.335,38,128,0.297,18,22,0.818,23,84,107,34,13,7,17,68,184
1628984,2018-19,0,1610612766,CHA,24,46,3,676,74,216,0.343,34,121,0.281,35,46,0.761,10,53,63,121,23,2,30,48,217
201569,2018-19,0,1610612745,HOU,30,68,53,2158,384,938,0.409,216,600,0.36,119,152,0.783,17,131,148,129,41,27,90,143,1103
203932,2018-19,0,1610612753,ORL,23,78,78,2633,470,1046,0.449,121,347,0.349,185,253,0.731,129,445,574,289,57,56,162,172,1246
1629164,2018-19,0,1610612743,DEN,23,16,0,57,6,23,0.261,2,6,0.333,9,11,0.818,1,2,3,14,0,0,3,7,23
203497,2018-19,0,1610612762,UTA,27,81,80,2577,476,712,0.669,0,0,0,332,522,0.636,309,732,1041,161,66,187,130,231,1284
1628983,2018-19,0,1610612746,LAC,20,82,73,2174,341,716,0.476,51,139,0.367,156,195,0.8,57,175,232,270,96,45,141,175,889
1628385,2018-19,0,1610612758,SAC,21,58,0,820,175,348,0.503,0,6,0,58,91,0.637,66,156,222,85,31,22,73,150,408
201959,2018-19,0,1610612750,MIN,34,70,57,1686,304,537,0.566,11,34,0.324,134,177,0.757,172,286,458,84,53,39,73,186,753
202331,2018-19,0,1610612760,OKC,29,77,77,2841,707,1614,0.438,292,757,0.386,453,540,0.839,105,523,628,318,170,34,205,214,2159
200752,2018-19,0,1610612759,SAS,32,69,51,1842,376,746,0.504,74,184,0.402,120,147,0.816,63,407,470,182,54,34,114,159,946
201188,2018-19,0,1610612763,MEM,34,53,53,1788,303,683,0.444,76,221,0.344,152,201,0.756,56,399,455,248,60,63,119,147,834
201188,2018-19,0,1610612761,TOR,34,26,19,648,87,187,0.465,23,52,0.442,40,52,0.769,24,148,172,101,24,23,36,70,237
201188,2018-19,0,0,TOT,34,79,72,2436,390,870,0.448,99,273,0.363,192,253,0.759,80,547,627,349,84,86,155,217,1071
204038,2018-19,0,1610612765,DET,27,80,4,1745,228,587,0.388,135,380,0.355,81,96,0.844,49,122,171,85,37,8,24,135,672
201568,2018-19,0,1610612746,LAC,30,68,68,2059,409,884,0.463,161,372,0.433,367,406,0.904,54,363,417,178,49,23,99,129,1346
1628365,2018-19,0,1610612755,PHI,21,19,15,427,65,155,0.419,4,14,0.286,21,37,0.568,26,44,70,59,17,5,25,52,155
1628982,2018-19,0,1610612753,ORL,22,10,0,44,7,21,0.333,0,6,0,1,4,0.25,3,2,5,1,1,0,1,6,15
204025,2018-19,0,1610612740,NOP,28,47,17,909,88,195,0.451,27,77,0.351,32,41,0.78,32,105,137,206,25,4,60,93,235
204025,2018-19,0,1610612749,MIL,28,12,2,211,28,66,0.424,10,24,0.417,9,13,0.692,9,22,31,42,5,1,16,19,75
204025,2018-19,0,0,TOT,28,59,19,1120,116,261,0.444,37,101,0.366,41,54,0.759,41,127,168,248,30,5,76,112,310
1628368,2018-19,0,1610612758,SAC,21,81,81,2546,505,1102,0.458,86,232,0.371,303,417,0.727,43,261,304,590,133,45,227,204,1399
203095,2018-19,0,1610612753,ORL,26,81,81,2553,468,1069,0.438,153,450,0.34,137,170,0.806,38,220,258,295,71,12,154,225,1226
1627854,2018-19,0,1610612759,SAS,25,82,81,2293,361,791,0.456,176,413,0.426,69,78,0.885,18,221,239,175,45,4,80,159,967
1627827,2018-19,0,1610612742,DAL,26,81,26,1985,228,528,0.432,79,254,0.311,73,103,0.709,138,251,389,95,69,36,74,186,608
1627812,2018-19,0,1610612758,SAC,26,71,3,1067,153,352,0.435,54,149,0.362,60,67,0.896,13,96,109,137,36,4,40,64,420
1628390,2018-19,0,1610612760,OKC,21,74,74,1931,185,431,0.429,106,290,0.366,37,51,0.725,33,108,141,72,40,16,47,231,513
1626245,2018-19,0,1610612741,CHI,26,60,0,746,95,179,0.531,0,4,0,50,73,0.685,79,139,218,37,11,7,33,69,240
202324,2018-19,0,1610612762,UTA,27,76,70,1766,363,619,0.586,17,78,0.218,154,228,0.675,207,353,560,89,56,106,84,163,897
203957,2018-19,0,1610612762,UTA,23,42,1,664,101,241,0.419,18,62,0.29,68,86,0.791,16,52,68,110,14,5,52,69,288
1628980,2018-19,0,1610612744,GSW,22,30,1,204,18,53,0.34,4,15,0.267,0,1,0,6,19,25,23,5,3,11,28,40
1629234,2018-19,0,1610612759,SAS,22,23,0,113,15,26,0.577,0,0,0,11,13,0.846,6,28,34,7,2,5,8,11,41
203516,2018-19,0,1610612745,HOU,28,40,25,949,104,211,0.493,44,120,0.367,42,58,0.724,37,80,117,27,38,16,23,111,294
203516,2018-19,0,1610612755,PHI,28,18,2,281,34,83,0.41,11,36,0.306,16,23,0.696,23,42,65,14,3,7,11,39,95
203516,2018-19,0,0,TOT,28,58,27,1230,138,294,0.469,55,156,0.353,58,81,0.716,60,122,182,41,41,23,34,150,389
203954,2018-19,0,1610612755,PHI,25,64,64,2154,580,1199,0.484,79,263,0.3,522,649,0.804,160,711,871,234,46,122,226,211,1761
201961,2018-19,0,1610612748,MIA,31,25,12,533,69,184,0.375,57,155,0.368,14,16,0.875,6,41,47,29,24,3,14,40,209
201961,2018-19,0,1610612765,DET,31,28,26,764,115,273,0.421,81,217,0.373,25,33,0.758,8,52,60,43,30,3,26,52,336
201961,2018-19,0,0,TOT,31,53,38,1297,184,457,0.403,138,372,0.371,39,49,0.796,14,93,107,72,54,6,40,92,545
1627740,2018-19,0,1610612765,DET,22,2,0,25,4,10,0.4,2,4,0.5,2,2,1,0,9,9,1,0,0,0,2,12
1627740,2018-19,0,1610612752,NYK,22,17,0,234,35,85,0.412,15,34,0.441,17,23,0.739,5,52,57,15,7,2,9,25,102
1627740,2018-19,0,0,TOT,22,19,0,259,39,95,0.411,17,38,0.447,19,25,0.76,5,61,66,16,7,2,9,27,114
201142,2018-19,0,1610612744,GSW,30,78,78,2702,721,1383,0.521,137,388,0.353,448,506,0.885,33,464,497,457,58,84,225,155,2027
1627739,2018-19,0,1610612741,CHI,25,46,44,1389,215,506,0.425,34,96,0.354,55,69,0.797,19,168,187,277,68,21,104,166,519
201162,2018-19,0,1610612751,BKN,33,59,25,1220,101,239,0.423,53,151,0.351,32,46,0.696,34,121,155,83,36,16,43,131,287
203083,2018-19,0,1610612765,DET,25,79,79,2647,561,1052,0.533,5,38,0.132,243,412,0.59,423,809,1232,112,136,138,175,272,1370
201609,2018-19,0,1610612748,MIA,33,36,22,991,179,433,0.413,57,164,0.348,79,101,0.782,20,91,111,174,30,5,71,81,494
1628408,2018-19,0,1610612738,BOS,22,6,0,51,8,21,0.381,2,8,0.25,1,2,0.5,6,11,17,5,2,0,0,2,19
1628422,2018-19,0,1610612752,NYK,25,73,40,2004,290,698,0.415,126,342,0.368,73,98,0.745,34,228,262,135,58,10,71,135,779
1629029,2018-19,0,1610612742,DAL,20,72,72,2318,506,1186,0.427,168,514,0.327,346,485,0.713,86,477,563,429,77,25,247,137,1526
203915,2018-19,0,1610612751,BKN,26,68,4,1914,366,828,0.442,124,370,0.335,287,356,0.806,26,140,166,311,40,17,152,187,1143
203476,2018-19,0,1610612750,MIN,29,76,2,1031,189,377,0.501,19,56,0.339,88,106,0.83,81,230,311,72,48,41,57,134,485
1628977,2018-19,0,1610612760,OKC,20,51,3,526,75,165,0.455,4,24,0.167,36,59,0.61,38,59,97,17,21,10,23,77,190
1627767,2018-19,0,1610612740,NOP,22,64,1,896,168,271,0.62,1,4,0.25,50,67,0.746,75,257,332,33,29,33,49,113,387
1628978,2018-19,0,1610612749,MIL,22,27,0,411,50,124,0.403,22,83,0.265,9,12,0.75,16,49,65,31,13,6,19,38,131
203521,2018-19,0,1610612749,MIL,28,12,0,97,6,19,0.316,4,11,0.364,4,4,1,0,10,10,29,2,0,11,9,20
203521,2018-19,0,1610612739,CLE,28,36,0,715,92,223,0.413,40,119,0.336,38,48,0.792,6,61,67,152,12,2,57,66,262
203521,2018-19,0,0,TOT,28,48,0,812,98,242,0.405,44,130,0.338,42,52,0.808,6,71,77,181,14,2,68,75,282
203473,2018-19,0,1610612737,ATL,29,64,52,1609,259,526,0.492,83,217,0.382,92,113,0.814,105,375,480,90,69,71,84,214,693
201942,2018-19,0,1610612759,SAS,29,77,77,2688,631,1313,0.481,7,45,0.156,366,441,0.83,54,408,462,475,86,36,199,177,1635
202334,2018-19,0,1610612751,BKN,30,81,1,1446,186,302,0.616,0,2,0,100,162,0.617,216,478,694,61,35,33,64,226,472
203076,2018-19,0,1610612740,NOP,26,56,56,1850,530,1026,0.517,48,145,0.331,344,433,0.794,174,498,672,218,88,135,112,132,1452
203584,2018-19,0,1610612756,PHX,27,51,1,760,113,275,0.411,74,194,0.381,18,23,0.783,13,60,73,26,26,5,27,79,318
201939,2018-19,0,1610612744,GSW,31,69,69,2331,632,1340,0.472,354,810,0.437,263,287,0.916,45,324,369,361,92,25,192,166,1881
203552,2018-19,0,1610612757,POR,28,74,2,1399,212,465,0.456,113,251,0.45,44,52,0.846,27,93,120,66,36,12,61,97,581
203109,2018-19,0,1610612762,UTA,28,80,11,2166,318,797,0.399,173,522,0.331,142,197,0.721,60,324,384,133,64,31,85,170,951
1628470,2018-19,0,1610612743,DEN,28,75,37,1503,160,362,0.442,61,188,0.324,49,70,0.7,89,174,263,72,37,46,44,175,430
203459,2018-19,0,1610612751,BKN,27,43,20,1133,137,373,0.367,98,259,0.378,41,56,0.732,16,132,148,46,23,13,46,102,413
203496,2018-19,0,1610612755,PHI,28,13,13,440,50,117,0.427,30,77,0.39,17,23,0.739,7,60,67,14,24,23,22,45,147
203496,2018-19,0,1610612750,MIN,28,22,22,763,106,245,0.433,55,148,0.372,51,66,0.773,21,105,126,32,50,24,25,81,318
203496,2018-19,0,0,TOT,28,35,35,1203,156,362,0.431,85,225,0.378,68,89,0.764,28,165,193,46,74,47,47,126,465
202326,2018-19,0,1610612744,GSW,28,30,30,771,178,371,0.48,26,95,0.274,106,144,0.736,43,204,247,107,40,44,72,109,488
1626188,2018-19,0,1610612744,GSW,26,74,10,1059,204,439,0.465,81,200,0.405,20,26,0.769,22,135,157,116,20,3,50,92,509
1626192,2018-19,0,1610612749,MIL,26,61,2,1261,163,350,0.466,66,200,0.33,29,40,0.725,61,197,258,122,33,25,33,81,421
201144,2018-19,0,1610612763,MEM,31,70,70,2342,490,1120,0.438,155,426,0.364,343,406,0.845,40,199,239,449,94,22,130,123,1478
1628380,2018-19,0,1610612757,POR,21,77,0,1356,189,400,0.473,40,121,0.331,94,126,0.746,109,215,324,71,25,66,77,174,512
1628381,2018-19,0,1610612737,ATL,21,61,59,1828,465,831,0.56,55,158,0.348,203,266,0.763,219,376,595,121,22,39,120,199,1188
203903,2018-19,0,1610612739,CLE,27,81,0,2215,529,1180,0.448,144,445,0.324,162,192,0.844,82,188,270,196,57,13,135,112,1364
1629109,2018-19,0,1610612745,HOU,24,51,2,641,50,151,0.331,41,138,0.297,7,7,1,24,92,116,18,20,26,7,47,148
1627737,2018-19,0,1610612745,HOU,21,16,0,104,11,34,0.324,1,15,0.067,6,7,0.857,7,21,28,6,2,4,12,17,29
1627737,2018-19,0,1610612739,CLE,21,27,2,395,56,146,0.384,15,57,0.263,26,38,0.684,33,81,114,16,15,7,24,64,153
1627737,2018-19,0,0,TOT,21,43,2,499,67,180,0.372,16,72,0.222,32,45,0.711,40,102,142,22,17,11,36,81,182
1629185,2018-19,0,1610612745,HOU,23,7,0,33,2,8,0.25,2,5,0.4,0,0,0,1,3,4,4,1,1,1,2,6
201163,2018-19,0,1610612755,PHI,32,36,32,951,91,207,0.44,46,118,0.39,13,18,0.722,44,124,168,72,22,18,39,94,241
201163,2018-19,0,1610612746,LAC,32,15,1,226,23,66,0.348,13,40,0.325,5,7,0.714,4,43,47,10,3,3,7,29,64
201163,2018-19,0,0,TOT,32,51,33,1176,114,273,0.418,59,158,0.373,18,25,0.72,48,167,215,82,25,21,46,123,305
2199,2018-19,0,1610612756,PHX,36,7,0,89,8,12,0.667,0,0,0,10,18,0.556,7,32,39,6,2,1,7,21,26
2199,2018-19,0,1610612747,LAL,36,48,6,786,53,87,0.609,0,1,0,41,69,0.594,85,183,268,31,19,22,35,89,147
2199,2018-19,0,0,TOT,36,55,6,875,61,99,0.616,0,1,0,51,87,0.586,92,215,307,37,21,23,42,110,173
1626161,2018-19,0,1610612758,SAC,25,81,81,2213,412,741,0.556,1,2,0.5,140,254,0.551,181,497,678,194,96,51,84,227,965
1627936,2018-19,0,1610612747,LAL,25,25,4,531,77,173,0.445,24,50,0.48,51,64,0.797,20,47,67,77,24,9,42,54,229
203487,2018-19,0,1610612745,HOU,27,16,1,145,25,61,0.41,7,19,0.368,12,26,0.462,3,10,13,21,9,6,10,27,69
203487,2018-19,0,1610612753,ORL,27,12,0,227,21,62,0.339,3,19,0.158,20,27,0.741,16,41,57,49,11,9,10,21,65
203487,2018-19,0,0,TOT,27,28,1,372,46,123,0.374,10,38,0.263,32,53,0.604,19,51,70,70,20,15,20,48,134
1628976,2018-19,0,1610612741,CHI,20,44,44,1110,180,371,0.485,6,32,0.188,89,112,0.795,87,220,307,78,26,58,65,152,455
1713,2018-19,0,1610612737,ATL,42,76,9,1330,196,468,0.419,123,316,0.389,47,66,0.712,31,163,194,87,44,27,48,141,562
1628975,2018-19,0,1610612763,MEM,23,39,3,576,56,185,0.303,34,102,0.333,26,32,0.813,14,52,66,69,26,11,33,55,172
201960,2018-19,0,1610612751,BKN,32,67,8,1703,227,575,0.395,106,310,0.342,184,242,0.76,68,281,349,85,31,10,73,114,744
203991,2018-19,0,1610612745,HOU,25,67,67,2249,474,732,0.648,0,0,0,166,261,0.636,298,550,848,96,44,102,94,168,1114
203484,2018-19,0,1610612747,LAL,26,82,23,2035,325,756,0.43,151,435,0.347,137,158,0.867,48,190,238,110,73,13,65,137,938
203998,2018-19,0,1610612763,MEM,23,34,19,800,96,225,0.427,48,130,0.369,42,50,0.84,42,116,158,50,14,33,38,81,282
202710,2018-19,0,1610612750,MIN,29,10,10,361,74,157,0.471,17,45,0.378,48,61,0.787,16,36,52,43,24,10,14,18,213
202710,2018-19,0,1610612755,PHI,29,55,55,1824,344,747,0.461,50,148,0.338,264,304,0.868,105,185,290,220,99,29,81,93,1002
202710,2018-19,0,0,TOT,29,65,65,2185,418,904,0.462,67,193,0.347,312,365,0.855,121,221,342,263,123,39,95,111,1215
1629126,2018-19,0,1610612760,OKC,25,32,0,240,33,82,0.402,8,27,0.296,8,12,0.667,4,24,28,9,6,8,9,31,82
202692,2018-19,0,1610612762,UTA,27,17,0,269,47,114,0.412,16,43,0.372,33,38,0.868,2,25,27,20,6,4,15,22,143
202692,2018-19,0,1610612739,CLE,27,34,24,979,136,340,0.4,45,119,0.378,79,98,0.806,26,160,186,98,25,16,46,62,396
202692,2018-19,0,1610612758,SAC,27,13,0,127,9,20,0.45,0,6,0,4,5,0.8,2,20,22,10,8,1,4,7,22
202692,2018-19,0,0,TOT,27,64,24,1375,192,474,0.405,61,168,0.363,116,141,0.823,30,205,235,128,39,21,65,91,561
203504,2018-19,0,1610612752,NYK,26,33,7,689,148,358,0.413,30,86,0.349,62,75,0.827,15,47,62,94,21,5,29,33,388
203504,2018-19,0,1610612742,DAL,26,25,1,436,88,190,0.463,26,73,0.356,41,49,0.837,13,24,37,65,12,2,20,25,243
203504,2018-19,0,0,TOT,26,58,8,1125,236,548,0.431,56,159,0.352,103,124,0.831,28,71,99,159,33,7,49,58,631
203493,2018-19,0,1610612765,DET,28,44,44,1355,182,441,0.413,114,294,0.388,56,64,0.875,20,103,123,109,24,5,54,79,534
203493,2018-19,0,1610612747,LAL,28,19,16,524,63,153,0.412,34,99,0.343,17,21,0.81,2,48,50,20,16,7,11,30,177
203493,2018-19,0,0,TOT,28,63,60,1879,245,594,0.412,148,393,0.377,73,85,0.859,22,151,173,129,40,12,65,109,711
1628418,2018-19,0,1610612764,WAS,21,72,53,1496,309,502,0.616,33,99,0.333,107,137,0.781,113,341,454,92,25,67,60,126,758
1628973,2018-19,0,1610612742,DAL,22,73,38,1591,264,565,0.467,63,181,0.348,87,120,0.725,25,144,169,230,37,4,88,127,678
1628972,2018-19,0,1610612764,WAS,19,52,10,730,97,234,0.415,22,69,0.319,32,47,0.681,35,110,145,80,21,5,30,56,248
1628425,2018-19,0,1610612749,MIL,24,58,7,1034,145,312,0.465,53,147,0.361,29,42,0.69,29,155,184,84,25,8,46,88,372
1627759,2018-19,0,1610612738,BOS,22,74,25,1913,368,792,0.465,95,276,0.344,133,202,0.658,65,248,313,100,69,32,99,186,964
1628971,2018-19,0,1610612765,DET,22,74,56,1449,125,314,0.398,24,93,0.258,45,60,0.75,48,137,185,91,40,36,46,178,319
1628415,2018-19,0,1610612763,MEM,23,18,0,330,49,122,0.402,15,40,0.375,22,30,0.733,9,22,31,16,10,4,19,50,135
1627763,2018-19,0,1610612749,MIL,26,64,64,1832,378,748,0.505,104,244,0.426,141,152,0.928,65,223,288,205,46,13,91,102,1001
1629151,2018-19,0,1610612742,DAL,28,42,0,454,57,126,0.452,38,93,0.409,15,19,0.789,8,55,63,22,6,4,16,35,167
1628970,2018-19,0,1610612766,CHA,21,80,25,1696,237,511,0.464,65,200,0.325,58,77,0.753,67,256,323,95,55,49,50,111,597
1628969,2018-19,0,1610612756,PHX,22,82,56,2417,242,563,0.43,105,313,0.335,95,118,0.805,56,208,264,173,129,38,70,201,684
1628396,2018-19,0,1610612762,UTA,21,3,0,36,8,16,0.5,0,0,0,1,2,0.5,9,6,15,1,2,2,3,6,17
202340,2018-19,0,1610612746,LAC,28,49,49,1463,161,420,0.383,58,172,0.337,20,25,0.8,35,96,131,96,27,16,61,133,400
202340,2018-19,0,1610612763,MEM,28,14,14,442,87,188,0.463,28,73,0.384,23,25,0.92,8,36,44,56,14,0,28,34,225
202340,2018-19,0,0,TOT,28,63,63,1905,248,608,0.408,86,245,0.351,43,50,0.86,43,132,175,152,41,16,89,167,625
1628449,2018-19,0,1610612761,TOR,26,28,0,163,34,76,0.447,12,37,0.324,13,15,0.867,16,40,56,2,6,24,7,31,93
1626164,2018-19,0,1610612756,PHX,22,64,64,2242,586,1255,0.467,135,414,0.326,393,454,0.866,39,226,265,433,56,13,264,200,1700
1629067,2018-19,0,1610612747,LAL,19,22,0,120,5,33,0.152,0,8,0,9,15,0.6,9,16,25,15,9,4,6,9,19
1628413,2018-19,0,1610612755,PHI,23,44,10,639,80,162,0.494,34,96,0.354,13,27,0.481,47,118,165,40,17,39,36,99,207
202711,2018-19,0,1610612754,IND,30,81,81,2573,522,1051,0.497,164,386,0.425,246,305,0.807,33,300,333,161,69,1,134,138,1454
203992,2018-19,0,1610612758,SAC,26,70,17,1947,361,863,0.418,134,372,0.36,134,162,0.827,40,203,243,267,72,15,117,142,990
202339,2018-19,0,1610612749,MIL,29,78,78,2272,470,971,0.484,124,377,0.329,177,236,0.75,82,280,362,430,116,29,165,156,1241
202357,2018-19,0,1610612758,SAC,31,77,70,1788,284,593,0.479,103,257,0.401,70,92,0.761,125,319,444,147,54,56,82,197,741
202687,2018-19,0,1610612766,CHA,26,54,32,782,89,156,0.571,0,0,0,58,91,0.637,81,166,247,33,11,41,34,103,236
203920,2018-19,0,1610612753,ORL,26,50,1,643,91,151,0.603,0,1,0,58,83,0.699,79,111,190,38,18,29,20,72,240
201976,2018-19,0,1610612746,LAC,30,78,49,2137,194,477,0.407,112,282,0.397,96,123,0.78,76,312,388,300,67,43,85,265,596
202722,2018-19,0,1610612759,SAS,26,76,12,1632,204,453,0.45,145,338,0.429,53,60,0.883,23,241,264,100,35,33,43,133,606
1627733,2018-19,0,1610612756,PHX,21,46,27,826,88,197,0.447,22,101,0.218,32,54,0.593,34,149,183,56,18,22,37,90,230
1627761,2018-19,0,1610612737,ATL,24,82,15,1931,275,616,0.446,50,173,0.289,87,136,0.64,54,304,358,202,105,41,142,190,687
1628395,2018-19,0,1610612744,GSW,24,68,3,788,99,192,0.516,0,2,0,25,41,0.61,55,129,184,76,20,51,42,80,223
201158,2018-19,0,1610612759,SAS,33,79,1,1815,285,690,0.413,147,395,0.372,112,124,0.903,16,182,198,132,35,8,72,121,829
1627736,2018-19,0,1610612743,DEN,22,81,18,1879,349,737,0.474,163,405,0.402,56,66,0.848,35,165,200,97,55,10,55,116,917
203078,2018-19,0,1610612764,WAS,26,82,82,3028,764,1609,0.475,209,596,0.351,362,448,0.808,89,322,411,448,121,58,224,226,2099
203145,2018-19,0,1610612737,ATL,29,67,35,1643,278,691,0.402,96,300,0.32,127,175,0.726,37,224,261,152,89,42,121,170,779
203382,2018-19,0,1610612738,BOS,32,51,18,821,105,223,0.471,21,61,0.344,53,62,0.855,88,152,240,57,12,34,40,125,284
201587,2018-19,0,1610612766,CHA,30,75,72,2354,253,562,0.45,116,298,0.389,77,89,0.865,71,319,390,247,71,43,117,140,699
1628966,2018-19,0,1610612750,MIN,23,30,3,503,60,142,0.423,13,52,0.25,18,28,0.643,16,67,83,17,18,14,14,29,151
203115,2018-19,0,1610612743,DEN,28,43,38,1189,185,460,0.402,67,196,0.342,57,74,0.77,32,167,199,124,18,22,65,82,494
203084,2018-19,0,1610612742,DAL,27,49,49,1584,290,717,0.404,121,311,0.389,165,198,0.833,36,171,207,62,33,11,68,79,866
203084,2018-19,0,1610612758,SAC,27,28,28,949,141,310,0.455,53,130,0.408,64,80,0.8,21,133,154,53,17,2,30,43,399
203084,2018-19,0,0,TOT,27,77,77,2533,431,1027,0.42,174,441,0.395,229,278,0.824,57,304,361,115,50,13,98,122,1265
200826,2018-19,0,1610612742,DAL,35,38,0,752,161,385,0.418,38,128,0.297,55,78,0.705,13,82,95,211,22,1,72,50,415
1628964,2018-19,0,1610612753,ORL,21,47,1,766,117,243,0.481,21,70,0.3,37,63,0.587,64,169,233,39,13,64,43,102,292
1628366,2018-19,0,1610612747,LAL,21,47,45,1423,185,456,0.406,75,228,0.329,20,48,0.417,54,197,251,255,69,19,103,114,465
1628963,2018-19,0,1610612758,SAC,20,62,4,1568,356,706,0.504,30,96,0.313,181,262,0.691,162,309,471,62,33,59,98,120,923
1628407,2018-19,0,1610612766,CHA,23,43,13,759,122,257,0.475,38,87,0.437,34,46,0.739,8,81,89,47,12,5,18,72,316
1629028,2018-19,0,1610612756,PHX,20,71,70,2183,509,870,0.585,0,4,0,141,189,0.746,223,506,729,125,61,67,126,209,1159
201571,2018-19,0,1610612753,ORL,31,81,81,2269,318,677,0.47,131,311,0.421,181,209,0.866,41,162,203,426,52,4,128,115,948
2772,2018-19,0,1610612756,PHX,33,26,26,884,86,227,0.379,50,139,0.36,36,43,0.837,16,129,145,87,38,8,39,44,258
2772,2018-19,0,1610612764,WAS,33,43,43,1465,208,509,0.409,95,295,0.322,94,121,0.777,34,192,226,165,53,13,67,86,605
2772,2018-19,0,0,TOT,33,69,69,2349,294,736,0.399,145,434,0.334,130,164,0.793,50,321,371,252,91,21,106,130,863
1627853,2018-19,0,1610612741,CHI,25,81,32,1961,187,418,0.447,81,217,0.373,89,102,0.873,27,192,219,269,65,4,63,171,544
1628384,2018-19,0,1610612761,TOR,21,67,6,1352,183,404,0.453,67,202,0.332,36,62,0.581,58,139,197,47,46,22,55,140,469
2546,2018-19,0,1610612745,HOU,35,10,2,294,49,121,0.405,21,64,0.328,15,22,0.682,9,45,54,5,4,7,8,32,134
1628961,2018-19,0,1610612742,DAL,21,2,0,11,0,3,0,0,0,0,2,4,0.5,0,1,1,0,2,0,1,0,2
203507,2018-19,0,1610612749,MIL,24,72,72,2358,721,1247,0.578,52,203,0.256,500,686,0.729,159,739,898,424,92,110,268,232,1994
201583,2018-19,0,1610612756,PHX,31,15,8,278,19,60,0.317,7,34,0.206,11,14,0.786,14,31,45,17,3,1,12,23,56
201583,2018-19,0,1610612748,MIA,31,10,0,44,2,9,0.222,2,6,0.333,1,2,0.5,4,5,9,2,1,0,2,2,7
201583,2018-19,0,0,TOT,31,25,8,321,21,69,0.304,9,40,0.225,12,16,0.75,18,36,54,19,4,1,14,25,63
203937,2018-19,0,1610612763,MEM,25,43,40,1282,150,276,0.543,9,34,0.265,37,64,0.578,48,203,251,128,54,37,58,112,346
1626147,2018-19,0,1610612737,ATL,25,48,4,464,64,157,0.408,24,77,0.312,26,35,0.743,24,60,84,23,22,13,23,48,178
202329,2018-19,0,1610612757,POR,28,81,81,2292,257,593,0.433,96,280,0.343,150,173,0.867,112,498,610,104,68,33,72,143,760
1628443,2018-19,0,1610612752,NYK,26,19,1,416,65,141,0.461,17,36,0.472,42,54,0.778,8,43,51,76,16,4,26,46,189
1628386,2018-19,0,1610612751,BKN,21,80,80,2096,335,568,0.59,6,45,0.133,197,278,0.709,191,481,672,110,43,120,103,184,873
1628960,2018-19,0,1610612762,UTA,23,38,2,416,67,178,0.376,32,99,0.323,45,60,0.75,3,20,23,25,6,6,33,47,211
200746,2018-19,0,1610612759,SAS,33,81,81,2687,684,1319,0.519,10,42,0.238,349,412,0.847,251,493,744,194,43,107,144,179,1727
1628389,2018-19,0,1610612748,MIA,21,82,28,1913,280,486,0.576,3,15,0.2,166,226,0.735,165,432,597,184,71,65,121,203,729
2544,2018-19,0,1610612747,LAL,34,55,55,1937,558,1095,0.51,111,327,0.339,278,418,0.665,57,408,465,454,72,33,197,94,1505
